Question Number,Question Text,Choices,Correct Answer,LLM Answer,Correct?,Score-right-minus-wrong
163,Which of the following options are things that a standard IP ACL could be configured to do? (Choose two answers.),"a. Match the exact source IP address
b. Match all IP addresses in a subnet with one access-list command without matching other IP addresses
c. Match IP addresses 20.2.2.2 through 20.2.2.22 with one access-list command without matching other IP addresses
d. Match only the packet’s destination IP address","a,b","a,b",1,1.0
166,"Your task is to type a one-line standard ACL that matches the following criteria. All access-list commands use the number 1 in the command.
Criteria #1: Permit packets from 186.33.2.3
ACL command #1: ______________________","a. access-list 1 permit 186.33.2.3
b. access-list 1 deny 186.33.2.3
c. access-list 1 permit 186.33.2.0
d. access-list 1 deny 186.33.0.0",a,a,1,1.0
167,"Your task is to type a one-line standard ACL that matches the following criteria. All access-list commands use the number 1 in the command.
Criteria #2: Permit packets from hosts with 56.57.2 as the first three octets
ACL command #2: ______________________","a. access-list 1 permit 56.57.2.0 0.0.0.255
b. access-list 1 permit 57.57.2.0 0.0.0.255
c. access-list 1 permit 56.57.2.0 0.0.255.255
d. access-list 1 deny 56.57.2.0 0.0.0.255",a,a,1,1.0
168,"Your task is to type a one-line standard ACL that matches the following criteria. All access-list commands use the number 1 in the command.
Criteria #3: Permit packets from hosts with 56.57 as the first two octets
ACL command #3: ______________________","a. access-list 1 permit 56.57.0.0 0.255.255.255
b. access-list 1 permit 56.57.0.0 0.0.255.255
c. access-list 1 permit 56.58.0.0 0.0.255.255
d. access-list 1 permit 56.57.0.0 0.0.0.0",b,a,0,0.0
169,"Your task is to type a one-line extended ACL that matches the following criteria. All access-list commands use the number 101 in the command.
Criteria #4: Permit packets from web client 65.5.5.5, sent to a web server in subnet 65.5.6.0/24
ACL command #4: ______________________","a. access-list 101 permit tcp host 65.5.5.5 65.5.6.0 0.0.0.255 eq 23
b. access-list 101 permit any any
c. access-list 101 permit tcp host 65.5.5.5 65.5.6.0 0.0.0.255 eq www
d. access-list 101 deny tcp host 65.5.5.5 65.5.6.0 0.0.0.255 eq www",c,c,1,1.0
170,"Your task is to type a one-line extended ACL that matches the following criteria. All access-list commands use the number 101 in the command.
Criteria #5: Permit any and every IPv4 packet
ACL command #5: ______________________","a. access-list 101 permit ip any any
b. access-list 101 deny ip any any
c. access-list 101 permit ip 0.0.0.0 any
d. access-list 101 permit ip any 0.0.0.0",a,a,1,1.0
172,Type the access-list command that permits all packets sent from hosts in subnet 14.15.16.0/24. Use the ACL number 50 for the ACL rule.,"a. access-list 50 permit 14.15.17.0 0.0.0.255
b. access-list 50 deny 14.15.16.0 0.0.0.255
c. access-list 50 permit 14.15.16.0 0.255.255.255
d. access-list 50 permit 14.15.16.0 0.0.0.255",d,d,1,1.0
173,"Given the following access-list command access-list 2 permit 192.168.4.0 0.0.0.255, choose the exact range of IP addresses, matched by the command.","a. 192.167.4.0 – 192.168.4.255
b. 192.168.4.0 – 192.168.5.255
c. 192.168.4.0 – 192.168.4.255
d. 192.0.0.0 – 192.168.4.255",c,c,1,1.0
175,"The ACL 55 on R1 has four statements, in the following order, with address and wildcard mask values as follows:
1. 20.0.0.0 0.255.255.255
2. 20.20.0.0 0.0.255.255
3. 20.20.20.0 0.0.0.255
4. 2.2.2.0 0.0.0.255
If a router tried to match a packet sourced from IP address 20.20.20.20 using this ACL, which ACL statement does a router consider the packet to have matched?","a. First statement
b. Second statement
c. Third statement
d. Forth statement
e. Implied deny at the end of the ACL
",a,c,0,0.19999999999999996
176,"Which of the following access-list denies packets with a UDP header, any source IP address with source port greater than 10455, a destination IP address 30.3.3.3 and a destination port equal to 25?","a. access-list 101 deny udp any gt 10455 host 30.3.3.3 eq 28
b. access-list 101 deny udp any gt 10455 host 30.3.3.3 eq 25
c. access-list 101 deny tcp any gt 10455 host 30.3.3.3 eq 25
d. access-list 101 deny udp any gt 25 host 30.3.3.3 eq 25",b,b,1,1.0
177,"Which of the following access-list denies packets with a UDP header, a source IP address 30.3.3.3 and a source port greater than 10455, any destination IP address 30.3.3.3 with destination port equal to 25?","a. access-list 101 deny udp host 30.3.3.3 gt 10455 any eq 30
b. access-list 101 deny udp host 30.3.3.3 gt 25 any eq 25
c. access-list 101 deny udp host 30.0.0.0 gt 10455 any eq 25
d. access-list 101 deny udp host 30.3.3.3 gt 10455 any eq 25",d,d,1,1.0
178,"Choose the wildcard mask that matches all IP packets in the subnet 46.45.44.0, and mask 255.255.255.0.","a. 0.0.0.255
b. 0.0.255.255
c. 0.255.255.255
d. 255.255.255.255",a,a,1,1.0
194,"Examine the following show command output on a router configured for dynamic NAT:
""— Inside Source
access-list 1 pool examsdigest
pool examsdigest: netmask 255.255.255.240
start 190.1.1.1 end 190.1.1.10
type generic, total addresses 10, allocated 10 (100%), misses 595""
You are responsible to find out why users are not being able to reach the Internet.","a. The cause is not related to dynamic NAT
b. The command output does not provide any clue to identify the problem
c. Dynamic NAT can't use Standard ACLs
d. The NAT pool does not have enough entries to fulfill the user's requests
",d,d,1,1.0
201,"R1 and R2 are attached to the same Ethernet VLAN, with subnet 192.168.1.0/24, and addresses 192.168.1.1, 192.168.2 respectively. The routers use an FHRP. Host A and host B attach to the same LAN and have correct default router settings per the FHRP configuration. Which of the following statements is true for this LAN?","a. You can't connect two routers to the same LAN subnet.
b. If one router fails, hosts can't send packets off-subnet
c. If one router fails, both hosts will use the one remaining router as a default router
d. if one router fails, only one of the two hosts will still be able to send packets off-subnet
",c,"c,d",0,0.5
91,Which of the following have examples of parallel composition? Select all that apply.,"a. Perform load balancing on any traffic that arrives from prefix 130.207.0.0/16 or is destined to port 80.
b. Perform MAC learning on all traffic that is not blocked by a firewall rule.
c. Count all port 80 traffic.
d. Block all traffic whose source IP address is contained in a list of blocked IP addresses.
e. Load balance traffic across multiple destination IP addresses and perform routing to the resulting destination IP addresses.","a,c,d","a,e",0,0.0
92,Which of the following is the appropriate Pyretic rule for matching traffic that sends packets from either 10.0.0.1 or 10.0.0.2 to IP address 1.2.3.4?,"a. (match(srcip=10.0.0.1) >> match(srcip=10.0.0.2)) + mod(dstip=1.2.3.4)
b. (match(srcip=10.0.0.1) + match(srcip=10.0.0.2)) + mod(dstip=1.2.3.4)
c. (match(srcip=10.0.0.1) + match(srcip=10.0.0.2)) >> mod(dstip=1.2.3.4)
d. (match(srcip=10.0.0.1) >> (match(srcip=10.0.0.2) >> mod(dstip=1.2.3.4))
e. (match(srcip=10.0.0.1) >> match(srcip=10.0.0.2)) >> mod(dstip=1.2.3.4)",c,e,0,0.19999999999999996
93,Which of the following is the appropiate Pyretic rule for sending traffic from source IP address 10.0.0.1 to destination IP address 10.1.2.3 and traffic from source IP address 10.0.0.2 to destination IP address 10.2.3.4?,"a. (match(srcip=10.0.0.1) + mod(dstip=10.1.2.3)) + (match(srcip=10.0.0.2)  + mod(dstip=10.2.3.4))
b. (match(srcip=10.0.0.1) >> mod(dstip=10.1.2.3)) + (match(srcip=10.0.0.2) >> mod(dstip=10.2.3.4))
c. (match(srcip=10.0.0.1) >> mod(dstip=10.1.2.3)) >> (match(srcip=10.0.0.2) >>mod(dstip=10.2.3.4))
d. (match(srcip=10.0.0.1) + mod(dstip=10.1.2.3)) >> (match(srcip=10.0.0.2) + mod(dstip=10.2.3.4))
e. (match(srcip=10.0.0.1) >> mod(dstip=10.1.2.3)) & (match(srcip=10.0.0.2)  >> mod(dstip=10.2.3.4))",b,a,0,0.19999999999999996
28,A Layer 2 switch configuration places all its physical ports into VLAN 2. The IP addressing plan shows that address 175.28.1.150 (with mask 255.255.255.0) is reserved for use by this new LAN switch and that 175.28.1.254 is already configured on the router connected to that same VLAN. The switch needs to support SSH connections into the switch from any subnet in the network. Which of the following commands are part of the required configuration in this case? (Choose two answers.),"a. The switch cannot support SSH because all its ports connect to VLAN 2, and the IP address must be configured on interface VLAN 1.
b. The ip address 175.28.1.150 255.255.255.0 command in interface vlan 2 configuration mode.
c. The ip default-gateway 175.28.1.254 command in global configuration mode.
d. The ip address 172.16.2.250 255.255.255.0 command in interface vlan 1 configuration mode.
e. The ip default-gateway 175.28.1.150 command in global configuration mode.","b,c","b,c",1,1.0
33,"You have been tasked to configure the IPv4 address on the switch only on the VLAN 1 following the details below.
Configuration details:
IP address: 199.255.240.100
Subnet mask: 255.255.255.0
Default gateway: 199.255.240.1
Which of the following commands will you type to complete the task?","a. Examsdigest#(config)# interface vlan 1
Examsdigest#(config-line)# ip address 199.255.240.100 255.255.255.0
Examsdigest#(config-line)# no shutdown
Examsdigest#(config-line)# end
Examsdigest#(config)# ip default-gateway 199.255.240.1
b. Examsdigest#(config)# interface vlan 1
Examsdigest#(config-line)# ip address 199.255.241.100 255.255.255.0
Examsdigest#(config-line)# no shutdown
Examsdigest#(config-line)# end
Examsdigest#(config)# ip default-gateway 199.255.240.1
c. Examsdigest#(config)# interface vlan 1
Examsdigest#(config-line)# ip address 199.255.240.100 255.255.0.0
Examsdigest#(config-line)# no shutdown
Examsdigest#(config-line)# end
Examsdigest#(config)# ip default-gateway 199.255.240.1
d. Examsdigest#(config)# interface vlan 11
Examsdigest#(config-line)# ip address 199.255.240.100 255.255.255.0
Examsdigest#(config-line)# no shutdown
Examsdigest#(config-line)# end
Examsdigest#(config)# ip default-gateway 199.255.240.1",a,a,1,1.0
35,"Which of the following command will you type to produce the output below?
""Vlan1 is up, line protocol is up
Hardware is EtherSVI, address is 0023.e21b.4cc0 (bia 0023.e21b.4cc0)
Internet address is 192.168.1.101/24
MTU 1500 bytes, BW 1000000 Kbit, DLY 10 usec, reliability 255/255, txload 1/255, rxload 1/255""","a. show interfaces vlans
b. show interfaces
c. show interfaces vlan 1
d. show vlan 1",c,c,1,1.0
41,Which of the following addresses are not valid Class A network IDs? (Choose all that apply),"a. 1.0.0.0
b. 5.0.0.0
c. 140.0.0.0
d. 127.0.0.0
e. 9.0.0.0
f. 195.0.0.0","c,d,f","a,d",0,0.0
43,Which of the following addresses are valid Class C network IDs? (Choose two answers),"a. 195.0.0.0
b. 22.22.3.0
c. 222.0.0.0
d. 191.255.255.0
e. 127.0.0.0","a,c","a,d",0,0.19999999999999996
46,Which of the following IPv4 addresses has a subnet mask 255.255.0.0?,"a. 188.187.186.185
b. 204.203.202.201
c. 55.44.22.11
d. 10.0.0.56",a,d,0,0.0
47,Which of the following IPv4 addresses has a subnet mask 255.255.255.0?,"a. 188.187.186.185
b. 204.203.202.201
c. 55.44.22.11
d. 10.0.0.56",b,"a,b,c",0,0.0
49,Which of the following IPv4 addresses has a subnet mask 255.0.0.0? (Choose all that apply),"a. 188.187.186.185
b. 204.203.202.201
c. 55.44.22.11
d. 10.0.0.56
e. 100.24.5.56
f. 192.168.178.6","c,d,e","a,d,e",0,0.3333333333333333
50,Which of the following ranges is a valid class B network numbers?,"a. 128.0.0.0 - 191.255.0.0
b. 1.0.0.0 - 126.0.0.0
c. 192.0.0.0 - 223.255.255.0
d. 224.0.0.0 - 254.255.255.0",a,"a,b",0,0.5
51,Which of the following ranges is a valid class C network numbers?,"a. 128.0.0.0 - 191.255.0.0
b. 1.0.0.0 - 126.0.0.0
c. 192.0.0.0 - 223.255.255.0
d. 224.0.0.0 - 254.255.255.0",c,"a,c",0,0.5
52,Which of the following is the default mask of the IP 10.2.0.0?,"a. 255.0.0.0
b. 255.255.0.0
c. 255.255.255.0
d. 255.255.255.255",a,"a,b",0,0.5
53,What information can you extract having the IP address 172.16.99.45? (Choose two answers.),"a. The network ID is 172.0.0.0.
b. The default mask for the network is 255.255.255.0.
c. The network is a Class B network.
d. The number of host bits in the unsubnetted network is 16.
e. The broadcast address of the network is 172.255.255.255","c,d","a,b",0,0.0
55,"The senior network engineer asked you to choose the broadcast address from the last subnet according to the following details:
Network 172.28.0.0 (Class B)
Mask 255.255.0.0 (for all subnets)","a. 172.28.255.254
b. 172.255.255.255
c. 172.28.200.255
d. 172.28.255.255",d,d,1,1.0
56,The address 130.0.0.0 is a Class ____________ network ID,"a. A
b. B
c. C
d. D
",b,a,0,0.0
57,Which of the following is the default mask of the IP 178.25.3.0?,"a. 255.0.0.0
b. 255.255.0.0
c. 255.255.255.0
d. 255.255.255.255",b,a,0,0.0
58,The address 200.0.0.0 is a Class ____________ network ID,"a. A
b. B
c. C
d. D
",c,a,0,0.0
59,The range of the Class C public IP Networks is _________________ - _________________,"a. 10.0.0.0 - 140.255.255.0
b. 192.0.0.0 - 223.255.255.0
c. 200.0.0.0 - 223.255.255.0
d. 224.0.0.0 - 254.255.255.0",b,d,0,0.0
60,"The senior network engineer asked you to choose the last usable address for a host from the last subnet according to the following details:
Network 9.0.0.0 (Class A)
Mask 255.255.0.0 (for all subnets)","a. 9.255.255.254
b. 10.255.255.254
c. 11.255.255.254
d. 12.255.255.254",a,a,1,1.0
63,Which of the following are private IP networks? (Choose all that apply),"a. 172.31.100.0
b. 164.16.2.0
c. 192.166.255.0
d. 192.168.1.0
e. 11.11.11.0
f. 172.24.0.0","a,d,f","a,d,f",1,1.0
21,Please select all of the valid IP addresses. Check all that apply.,"a. 257.70.312.49
b. 123.456.123.456
c. 192.168.1.1
d. 8.8.8.8","c,d","a,b",0,0.0
27,Which of the following is a correct form of CIDR notation?,"a. 192.168.1.0 + 255.255.255.0
b. 192.168.1.0:24
c. 192.168.1.0/24
d. 192.168.1.0\24",c,"c,d",0,0.5
29,"Consider the following scenario: Your IP address is 192.168.8.34, and your subnet mask is 255.255.0.0. What part of the subnet mask represents the subnet ID?","a. 255.255.0.1
b. The last two octets of the subnet mask, 0.0
c. The first two octets of the subnet mask, 255.255
d. 192.168.0.254",c,c,1,1.0
35,Which of the following are non-routable IP addresses? (Select all that apply),"a. 9.0.0.0
b. 172.16.0.0/12
c. 10.0.0.0/8
d. 192.168.0.0/16","b,c,d","a,c,d",0,0.0
4,What is the dotted notation of an IP address of 10000000 10000111 01000100 00000101? Select one choice.,"a. 128.135.65.5
b. 128.135.68.5
c. 128.135.65.5
d. 128.133.68.5",b,"a,b",0,0.5
5,"Given a network address 128.100.0.0, what is its network class type? Select one choice.","a. Class A
b. Class B
c. Class C
d. None of the above
",b,a,0,0.0
8,What is the subnetwork number of a host with an IP address of 172.16.66.0/21? Select one choice.,"a. 172.16.48.0
b. 172.16.64.0
c. 172.16.0.0
d. 172.16.36.0",b,a,0,0.0
9,What is the first valid host on the subnetwork that the node 172.30.190.198/24 belongs to? Select one choice.,"a. 172.30.190.0
b. 172.30.190.1
c. 172.30.190.100
d. None of the above",b,a,0,0.0
10,"Based on 1.1.1.0/24, the IP address would be: Select one choice.","a. Class A
b. Class B
c. Class C
d. Class D
",a,a,1,1.0
12,"Using CIDR notation, a prefix 205.100.0.0 of length 22 is written as 205.100.0.0/22. What network mask does the /22 notation indicate? Select one choice.","a. 205.255.255.0
b. 255.255.252.0
c. 255.255.22.0
d. None of the above",b,b,1,1.0
13,"Perform CIDR aggregation on the following /24 IP addresses: 128.58.24.0/24, 128.58.25.0/24, 128.58.26.0/24, 128.58.27.0/24. What is the CIDR outcome? Select one choice.","a. 128.58.28.0/22
b. 128.58.24.0/22
c. 128.58.28.0/24
d. None of the above",b,a,0,0.0
64,Given the following IP address - 20.54.23.3 and subnet mask - 255.255.255.0 choose the subnet ID and the broadcast address from that particular IP.,"a. Subnet ID: 20.54.23.0
Broadcast Address: 20.54.23.255
b. Subnet ID: 20.54.0.0
Broadcast Address: 20.54.0.255
c. Subnet ID: 20.54.0.0
Broadcast Address: 20.54.255.255
d. Subnet ID: 20.54.23.1
Broadcast Address: 20.54.23.255",a,a,1,1.0
65,The converted binary mask 11111111.11111111.11000000.00000000 to decimal is _______________.,"a. 255.255.192.0
b. 255.255.64.0
c. 255.192.0.0
d. 255.255.255.192",a,"a,b",0,0.5
66,The converted binary mask 11111111.11100000.00000000.00000000 to decimal is _______________.,"a. 255.255.255.224
b. 255.255.224.0
c. 255.224.0.0
d. 255.64.0.0",c,"a,b",0,0.0
67,The converted binary mask 11111110.00000000.00000000.00000000 to decimal is _______________.,"a. 255.255.255.254
b. 254.0.0.0
c. 255.254.0.0
d. 255.255.254.0",b,"a,d",0,0.0
69,Your senior network engineer tells you to configure the DHCP server to lease the last 100 usable IP addresses in subnet 12.5.4.0/23. Which of the following IP addresses could be leased as a result of your new configuration?,"a. 12.5.1.156
b. 12.5.5.200
c. 12.5.4.254
d. 12.5.255.200",b,"a,d",0,0.0
70,"You are working with a network engineer to design a network for the new Campus. He provided the following details:
The IP address is 195.240.37.43
The subnet mask is 255.255.255.224
You have been tasked to find the:
1. Network (N) bits
2. Subnet bits (S)
3. Host (H) bits.","a. Network Bits = 15 | Subnet Bits = 2 | Host Bits = 1
b. Network Bits = 20 | Subnet Bits = 3 | Host Bits = 1
c. Network Bits = 24 | Subnet Bits = 3 | Host Bits = 5
d. Network Bits = 28 | Subnet Bits = 1 | Host Bits = 2",c,a,0,0.0
71,Which of the following binary masks is equivalent to the 255.255.255.240 dotted-decimal notation (DDN)?,"a. 11111111.11111111.11111111.11111100
b. 11111111.11111111.11111111.11110000
c. 11111111.11111111.11111111.10000000
d. 11111111.11111111.11111111.11111110",b,"b,d",0,0.5
72,Which of the following binary masks is equivalent to the 255.192.0.0 dotted-decimal notation (DDN)?,"a. 11111111.11000000.00000000.00000000
b. 11111111.11111111.11111111.00000000
c. 11111111.11111111.11111111.10000000
d. 11111111.11111111.11111111.11111110",a,"a,b",0,0.5
73,Find the subnet ID from the IP address 10.75.20.3/24,"a. 10.75.5.0
b. 10.75.0.0
c. 10.75.20.0
d. 10.0.0.0",c,c,1,1.0
74,Find the subnet ID from the IP address 10.75.20.4/17,"a. 10.75.5.0
b. 10.75.0.0
c. 10.75.20.0
d. 10.0.0.0",b,"a,b",0,0.5
75,Which of the following dotted-decimal notation (DDN) is equivalent of /17.,"a. 255.255.192.0
b. 255.128.0.0
c. 255.255.128.0
d. 255.255.224.0",c,"a,d",0,0.0
76,Which of the following dotted-decimal notation (DDN) is equivalent of /28.,"a. 255.255.255.240
b. 255.128.224.0
c. 255.255.255.224
d. 255.255.255.248",a,"a,d",0,0.5
77,The broadcast address from the IP address 67.68.67.68/12 is 67.79.255.255.,"a. TRUE
b. FALSE
",a,a,1,1.0
79,Which of the following answers lists the prefix (CIDR) format equivalent of 255.255.254.0?,"a. /20
b. /21
c. /22
d. /23",d,a,0,0.0
80,Which of the following answers lists the prefix (CIDR) format equivalent of 255.192.0.0?,"a. /10
b. /11
c. /12
d. /13",a,a,1,1.0
82,Your task is to find the broadcast address from the IP address 10.75.20.3 with subnet mask 255.248.0.0,"a. Broadcast address: 10.75.255.255
b. Broadcast address: 10.75.20.255
c. Broadcast address: 10.79.255.255
d. Broadcast address: 10.80.255.255",c,"a,b",0,0.0
83,Your task is to find the broadcast address from the IP address 172.30.70.26 with subnet mask 255.255.192.0,"a. Broadcast address: 172.30.127.255
b. Broadcast address: 172.30.70.255
c. Broadcast address: 172.30.100.255
d. Broadcast address: 172.30.87.255",a,"a,b",0,0.5
84,Which of the following answers lists the dotted decimal notation (DDN) equivalent of /30?,"a. 255.255.255.240
b. 255.255.255.252
c. 255.255.192.0
d. 255.255.252.0",b,"a,b",0,0.5
85,Which of the following answers lists the dotteddecimal notation (DDN) equivalent of /18?,"a. 255.255.255.192
b. 255.255.224.0
c. 255.255.128.0
d. 255.255.192.0",d,"b,d",0,0.5
86,"Which of the following masks, when used within a Class B network, would supply enough subnet bits to support 90 subnets? (Choose two)","a. /24
b. /21
c. /19
d. 255.255.255.252
e. 255.255.240.0
f. 255.255.224.0","a,d","b,e",0,0.0
88,"Your task is to troubleshoot a user’s PC with IP 10.20.30.5 and mask 255.255.255.0. Based on the given details type the number of the network (N), subnet (S), and host (H) bits.","a. Network Bits = 16 | Subnet Bits = 15 | Host Bits = 1
b. Network Bits = 16 | Subnet Bits = 1 | Host Bits = 15
c. Network Bits = 8 | Subnet Bits = 8 | Host Bits = 16
d. Network Bits = 8 | Subnet Bits = 16 | Host Bits = 8",d,"a,b",0,0.0
89,The converted binary mask 11111111.11111111.11111110.00000000 to decimal is _______________.,"a. 255.255.255.192
b. 255.255.254.0
c. 255.255.252.0
d. 255.255.255.224",b,d,0,0.0
90,Which of the following binary masks is equivalent to the 255.192.0.0 dotted-decimal notation (DDN)?,"a. 11111111.11000000.00000000.00000000
b. 11111111.11100000.00000000.00000000
c. 11111111.11110000.00000000.00000000
d. 11111111.11111000.00000000.00000000",a,"a,b",0,0.5
95,One of Level 3's public DNS servers is ____________.,"a. 4.2.2.3
b. 8.8.8.8
c. 127.0.0.1
d. 192.168.1.1",a,a,1,1.0
139,"The senior network engineer assigns you a task related to port security. He needs your help to configure the fa0/1 from the SW-examsD to accept frames only from the MAC 0200.1111.2222.
Type the commands that need to be configured on the SW-examsD following the requirements below:
1. configure the FastEthernet0/1 to be an access port
2. enable port security on that interface
3. define the allowed MAC address","a. SW-examsD#configure terminal
SW-examsD(config)#interface FastEthernet0/2
SW-examsD(config-if)#switchport mode access
SW-examsD(config-if)#switchport port-security
SW-examsD(config-if)#switchport port-security macaddress 0200.1111.2222
b. SW-examsD#configure terminal
SW-examsD(config)#interface FastEthernet0/1
SW-examsD(config-if)#switchport mode access
SW-examsD(config-if)#switchport port-security
c. SW-examsD#configure terminal
SW-examsD(config)#interface FastEthernet0/1
SW-examsD(config-if)#switchport mode access
SW-examsD(config-if)#switchport port-security
SW-examsD(config-if)#switchport port-security macaddress 0200.2222.2222
d. SW-examsD#configure terminal
SW-examsD(config)#interface FastEthernet0/1
SW-examsD(config-if)#switchport mode access
SW-examsD(config-if)#switchport port-security
SW-examsD(config-if)#switchport port-security macaddress 0200.1111.2222",d,"b,d",0,0.5
110,"Given the following OSPF network commands,
type the wildcard masks to match the requirement.
Requirement: Match addresses that begin with 110.20
Command: network 110.20.0.0 {wildcard mask}
Which of the following wildcard mask will you use to meet the
requirement?","a. 0.0.255.255
b. 0.0.0.255
c. 0.255.255.255
d. 0.0.0.0",a,"b,d",0,0.0
111,"Which of the following commands produces the output below?
""Codes: L – local, C – connected, S – static, R – RIP, M – mobile, B – BGP
D – EIGRP, EX – EIGRP external, O – OSPF, IA – OSPF inter area
N1 – OSPF NSSA external type 1, N2 – OSPF NSSA external type 2
E1 – OSPF external type 1, E2 – OSPF external type 2

! Additional lines omitted for brevity

Gateway of last resort is not set
10.0.0.0/8 is variably subnetted, 9 subnets, 2 masks
O 10.1.1.0/24 [110/2] via 10.1.14.1, 00:19:24, GigabitEthernet0/0/0
O 10.1.2.0/24 [110/2] via 10.1.14.1, 00:19:24, GigabitEthernet0/0/0
C 10.1.4.0/24 is directly connected, Vlan3
L 10.1.4.4/32 is directly connected, Vlan3
O 10.1.12.0/24 [110/2] via 10.1.14.1, 00:17:24, GigabitEthernet0/0/0
O 10.1.13.0/24 [110/2] via 10.1.14.1, 00:14:15, GigabitEthernet0/0/0
C 10.1.14.0/24 is directly connected, GigabitEthernet0/0/0
L 10.1.14.4/32 is directly connected, GigabitEthernet0/0/0
O 10.1.23.0/24 [110/3] via 10.1.14.1, 00:15:35, GigabitEthernet0/0/0""","a. show ip codes
b. show ip route
c. show ip interfaces
d. show ip connected
",b,b,1,1.0
114,"Which of the following network commands following the command router ospf 1, tells the router to start using OSPF on interfaces whose IP addresses are 20.1.20.1, 20.1.30.1, and 20.1.40.1?","a. network 20.0.0.1 0.0.255.255 area 0
b. network 20.0.0.1 0.0.0.255 area 0
c. network 20.0.0.0 255.0.0.0 area 0
d. network 20.0.0.0 0.255.255.255 area 0",d,"a,b",0,0.0
91,You have noticed that a server with IP 145.45.3.2 doesn’t respond to requests. What command will you type first in order to test connectivity between your device and the server?,"a. request 145.45.3.2
b. check 145.45.3.2
c. ping 145.45.3.2
d. ping 145.45.3.2",c,"c,d",0,0.5
94,"Which of the given commands produces the following output?
Output:
""Global values:
Internet Protocol routing is enabled
Embedded-Service-Engine0/0 is administratively down, line
protocol is down
GigabitEthernet0/0 is up, line protocol is up
Internet address is 158.16.1.1/24
GigabitEthernet0/1 is administratively down, line protocol is
down
Serial0/0/0 is up, line protocol is up
Internet address is 158.16.4.1/24
Serial0/0/1 is administratively down, line protocol is down
GigabitEthernet0/1/0 is up, line protocol is up
Internet address is 158.16.1.1/24""","a. show interfaces
b. show protocols
c. show values
d. show routing
",b,"a,b",0,0.5
96,Which of the following commands lists detailed information about the route 156.10.2.0.,"a. show route 156.10.2.0
b. show routing table 156.10.2.0
c. show ip route 156.10.2.0
d. show route table 156.10.2.0",c,c,1,1.0
98,"A router lists the following partial output from the show ip route command. Out which interface will the router route packets destined to IP address 180.5.38.122? 10.0.0.0/8 is variably subnetted, 8 subnets, 5 masks
O 180.5.38.100/32 [110/50] via 172.16.25.2, 00:00:04, GigabitEthernet0/0/0
O 180.5.38.64/26 [110/100] via 172.16.25.129, 00:00:09, GigabitEthernet0/1/0
O 180.5.37.0/23 [110/65] via 172.16.24.2, 00:00:04, Gigabit-Ethernet0/2/0
O 180.5.38.96/27 [110/65] via 172.16.24.129, 00:00:09, GigabitEthernet0/3/0
O 0.0.0.0/0 [110/129] via 172.16.25.129, 00:00:09, GigabitEthernet0/0/0","a. G0/3/0
b. G0/2/0
c. G0/1/0
d. G0/0/0",a,"a,b,d",0,0.0
99,"You are connected on a router R1, Which command will you type the command to connect to R2 using SSH. Login credentials in order to get access to R2. R2’s IP address: 145.167.2.1
username: userexamsdigest
password: passexamsdigest","a. ssh -l userexamsdigest 145.167.2.1
passexamsdigest
b. ssh -l userexamsdigest 145.167.2.2
passexamsdigest
c. ssh -l userexams 145.167.2.1
passexamsdigest
d. ssh -l userexamsdigest 145.167.2.1
examsdigest",a,d,0,0.0
103,"After configuring a working router interface with IP address/mask 10.1.1.100/26, which of the following routes would you expect to see in the output of the show ip route command? (Choose two answers.)","a. A connected route for subnet 10.1.1.64 255.255.255.192
b. A local route for host 10.1.1.64 255.255.255.255
c. A local route for host 10.1.1.100 255.255.255.255
d. A local route for host 10.1.1.100 255.255.255.192
e. A connected route for subnet 10.1.1.0 255.255.255.0","a,c","a,c",1,1.0
105,You are responsible to configure a static route for the network 156.187.45.0/24 using the IP address 156.187.80.45 as the next-hop IP. Which command will you type to meet the requirement?,"a. ip route 156.187.45.0 255.255.0.0 156.187.80.45
b. ip route 156.187.45.0 255.255.255.0 156.187.80.46
c. ip route 156.187.0.0 255.255.255.0 156.187.80.45
d. ip route 156.187.45.0 255.255.255.0 156.187.80.45",d,d,1,1.0
